implementation,tfidf_over_keyword
python,0.8556338028169015
rust,2.559426229508197
