implementation,algorithm,scope,queries,accuracy_at_1,median_wall_ms,p90_wall_ms,median_rank_ms,p90_rank_ms
python,keyword,topic,165,0.8909090909090909,0.1435,0.681,0.1405,0.678
python,tfidf,topic,165,0.8909090909090909,0.1265,0.5829999999999999,0.124,0.5809999999999998
rust,keyword,topic,165,0.9818181818181818,0.494,1.8545999999999998,0.494,1.8545999999999998
rust,tfidf,topic,165,0.9818181818181818,1.294,3.9831999999999996,1.293,3.9831999999999996
