implementation,algorithm,scope,queries,accuracy_at_1,median_wall_ms,p90_wall_ms,median_rank_ms,p90_rank_ms
python,keyword,topic,165,0.8909090909090909,0.142,0.6985999999999999,0.1385,0.6937999999999999
python,tfidf,topic,165,0.8909090909090909,0.1215,0.5206,0.1195,0.5186
rust,keyword,topic,165,0.9818181818181818,0.488,1.8397999999999999,0.488,1.8397999999999999
rust,tfidf,topic,165,0.9818181818181818,1.249,3.8354000000000004,1.249,3.8354000000000004
